{
    "type": "minecraft:add",
    "argument1": {
        "type": "minecraft:mul",
        "argument1": {
            "type": "minecraft:abs",
            "argument": {
                "type": "minecraft:shifted_noise",
                "noise": "minecraft:continentalness",
                "xz_scale": 0.25,
                "y_scale": 0,
                "shift_x": "minecraft:shift_x",
                "shift_y": 0,
                "shift_z": "minecraft:shift_z"
              }
        },
        "argument2": -1
    },
    "argument2": -0.2
}