{
    "name": "Fragment of Sculk",
    "description": "The sculk has claimed a player for itself. Now you are its pawn.",
    "powers": [
        "sculkfragment:sonic_squeak",
        "sculkfragment:spread_of_sculk",
        "sculkfragment:sculks_pawn",
        "sculkfragment:part_of_sculk",
        "sculkfragment:home_sweet_home",
        "sculkfragment:adopted_by_dark",
        "sculkfragment:warding_flames",
        "sculkfragment:wardens_curse",
        "sculkfragment:an_ancient_home",
        "sculkfragment:flaky_sculk",
        "sculkfragment:sculk_in_shell",
        "sculkfragment:abused_by_light",
        "sculkfragment:hunger_of_hive",
        "sculkfragment:sculk_zealousy"
    ],
    "icon": {
        "item": "minecraft:sculk_sensor"
    },
    "impact": 3
}
