{
    "name": "Friendly Shadow",
    "description": "A prince, pure of heart, they've befriended every creature of the dark.",
    "type": "origins:multiple",

    "mobsignore": {
        "type": "origins:action_on_callback",
        "entity_action_chosen": {
            "type": "origins:and",
            "actions": [
                {
                    "type": "origins:execute_command",
                    "command": "team add RalseiTeam"
                },
                {
                    "type": "origins:execute_command",
                    "command": "team join RalseiTeam @s"
                },
                {
                    "type": "origins:execute_command",
                    "command": "execute as @e run team join RalseiTeam"
                }
            ]
        },
        "execute_chosen_when_orb": true,
        "entity_action_lost": {
            "type": "origins:execute_command",
            "command": "team leave @s"
        },
        "entity_action_respawned": {
            "type": "origins:and",
            "actions": [
                {
                    "type": "origins:execute_command",
                    "command": "team add RalseiTeam"
                },
                {
                    "type": "origins:execute_command",
                    "command": "team join RalseiTeam @s"
                },
                {
                    "type": "origins:execute_command",
                    "command": "execute as @e run team join RalseiTeam"
                }
            ]
        }
    },
	
    "mobsignorepersist": {
        "type": "origins:action_over_time",
        "interval": 20,
        "entity_action": {
            "type": "origins:and",
            "actions": [
                {
                    "type": "origins:execute_command",
                    "command": "team add RalseiTeam"
                },
                {
                    "type": "origins:execute_command",
                    "command": "team join RalseiTeam @s"
                },
                {
                    "type": "origins:execute_command",
                    "command": "execute as @e run team join RalseiTeam"
                }
            ]
        }
    }
}