{
    "type": "origins:stacking_status_effect",
    "name": "Shadow Punches",
    "description": "A being made of shadow, your attacks cannot harm anyone whence you are outside darkness.",
    "min_stacks": 0,
    "max_stacks": 1,
    "duration_per_stack": 100,
    "tick_rate": 20,
    "effect": {
            "effect": "minecraft:weakness",
            "is_ambient": true,
            "show_particles": false,
            "show_icon": false
        },
    "condition": {
            "type": "origins:brightness",
            "comparison": ">",
            "compare_to": 0.27
        }
}
