{
    "powers": [
        "dark_prince:daylight_vanish",
        "dark_prince:shadow_attacks",
        "dark_prince:of_purest_dark",
        "dark_prince:of_purest_toughness",
        "dark_prince:friendly_goat"
    ],
    "icon": "minecraft:gray_wool",
    "order": 4,
    "impact": 3,
    "name": "The Dark Prince",
    "description": "A Prince From The Dark, this (fluffy) royalty is made from pure darkness, and will dissapear completely upon entering sunlight. In the darkness, they are almost unkillable, as they are made from the purest forms of shadow."
}