{
    "type": "apoli:multiple",
    "hidden": true,
    "give_origin_tag": {
        "type": "origins:action_on_callback",
        "entity_action_added": {
            "type": "apoli:execute_command",
            "command": "tag @s add kurayami_origin"
        },
        "entity_action_lost": {
            "type": "apoli:execute_command",
            "command": "tag @s remove kurayami_origin"
        }
    },
    "black_smoke_self": {
        "type": "apoli:action_over_time",
        "entity_action": {
            "type": "apoli:execute_command",
            "command": "particle dust 1 0 0 1 ~ ~0.7 ~ 0.4 0.4 0.4 0.4 8 force @e[tag=kurayami_origin,type=minecraft:player]"
        },
        "condition": {
            "type": "apoli:invisible"
        },
        "interval": 1
    },
    "black_smoke": {
        "type": "apoli:action_over_time",
        "entity_action": {
            "type": "apoli:execute_command",
            "command": "particle dust_color_transition 0 0 0 1 1 0 0 ~ ~ ~ 0.4 0.7 0.4 0.15 190 force @e[tag=!kurayami_origin,type=minecraft:player]"
        },
        "interval": 1,
        "condition": {
            "type": "apoli:or",
            "conditions": [
                {
                    "type": "apoli:and",
                    "conditions": [
                        {
                            "type": "apoli:time_of_day",
                            "comparison": "<=",
                            "compare_to": 12200
                        },
                        {
                            "type": "touhouorigins:moon_phase",
                            "comparison": ">=",
                            "compare_to": 0
                        },
                        {
                            "type": "apoli:exposed_to_sky"
                        }
                    ]
                },
                {
                    "type": "apoli:and",
                    "conditions": [
                        {
                            "type": "apoli:dimension",
                            "dimension": "minecraft:the_nether"
                        },
                        {
                            "type": "apoli:or",
                            "conditions": [
                                {
                                    "type": "apoli:status_effect",
                                    "effect": "minecraft:fire_resistance"
                                },
                                {
                                    "type": "apoli:enchantment",
                                    "enchantment": "minecraft:fire_protection",
                                    "calculation": "sum",
                                    "comparison": ">=",
                                    "compare_to": 1
                                }
                            ],
                            "inverted": true
                        }
                    ]
                }
            ]
        }
    },
    "invisibility": {
        "type": "apoli:invisibility",
        "render_armor": false,
        "condition": {
            "type": "apoli:or",
            "conditions": [
                {
                    "type": "apoli:power_active",
                    "power": "*:*_black_smoke"
                },
                {
                    "type": "apoli:status_effect",
                    "effect": "minecraft:hero_of_the_village"
                }
            ]
        }
    },
    "darkness_self": {
        "type": "apoli:action_over_time",
        "rising_action": {
            "type": "apoli:apply_effect",
            "effect": {
                "effect": "minecraft:hero_of_the_village",
                "duration": 100,
    "amplifier": 5,
                "show_particles": false,
                "show_icon": false
            }
        },
        "entity_action": {
            "type": "apoli:apply_effect",
            "effect": {
                "effect": "minecraft:hero_of_the_village",
                "duration": 100,
    "amplifier": 5,
                "show_particles": false,
                "show_icon": false
            }
        },
        "falling_action": {
            "type": "apoli:execute_command",
            "command": "effect clear @s minecraft:slow_falling"
        },
        "interval": 20,
        "condition": {
            "type": "apoli:power_active",
            "power": "*:*_black_smoke"
        }
    }
}