{
    "type": "apoli:multiple",
"name": "§C§l§nIMMORTALITY.",
    "description": "CONSUME THE PURE AND RADIANT, MAINTAIN POWER OVER DEATH, YOUR NATURE AS EMBODIED HATE BESTOWS YOU THE ABILITY TO TAKE LIVES.",
    "melee_damage": {
        "type": "apoli:modify_damage_dealt",
        "modifier": {
            "name": "Immortal melee damage bonus",
            "operation": "multiply_total",
            "value": 0.45
        }
    },
    "ranged_damage": {
        "type": "apoli:modify_projectile_damage",
        "modifier": {
            "name": "Immortal ranged damage bonus",
            "operation": "multiply_total",
            "value": 0.1
        }
    },
    "resource": {
        "type": "apoli:resource",
        "min": 0,
        "max": 1000,
        "hud_render": {
            "sprite_location": "origins:textures/gui/community/huang/resource_bar_01.png",
            "bar_index": 4
        },
        "start_value": 1000,
        "min_action": {
            "type": "apoli:play_sound",
            "sound": "touhouorigins:entity.celestial.divinity_deplete"
        }
    },
    "restore_divinity": {
        "type": "apoli:action_on_item_use",
        "entity_action": {
            "type": "apoli:and",
            "actions": [
                {
                    "type": "apoli:change_resource",
                    "resource": "*:*_resource",
                    "change": 250
                },
                {
                    "type": "apoli:spawn_particles",
                    "particle": "minecraft:smoke",
                    "count": 50,
                    "speed": 1,
                    "spread": {
                        "x": 0.3,
                        "y": 0.5,
                        "z": 0.3
                    }
                },
                {
                    "type": "apoli:play_sound",
                    "sound": "touhouorigins:entity.celestial.divinity_restore",
                    "volume": 2
                }
            ]
        },
        "item_condition": {
            "type": "apoli:ingredient",
            "ingredient": {
                "item": "minecraft:golden_apple"
            }
        }
    },
    "restore_divinity_max": {
        "type": "apoli:action_on_item_use",
        "entity_action": {
            "type": "apoli:and",
            "actions": [
                {
                    "type": "apoli:change_resource",
                    "resource": "*:*_resource",
                    "change": 1000,
                    "operation": "set"
                },
                {
                    "type": "apoli:spawn_particles",
                    "particle": "minecraft:flame",
                    "count": 250,
                    "speed": 10,
                    "spread": {
                        "x": 0.3,
                        "y": 0.5,
                        "z": 0.3
                    }
                },
                {
                    "type": "apoli:play_sound",
                    "sound": "touhouorigins:entity.celestial.divinity_restore",
                    "volume": 2
                }
            ]
        },
        "item_condition": {
            "type": "apoli:ingredient",
            "ingredient": {
                "item": "minecraft:enchanted_golden_apple"
            }
        }
    },
    "reduce_divinity_over_time": {
        "type": "apoli:action_over_time",
        "entity_action": {
            "type": "apoli:change_resource",
            "resource": "*:*_resource",
            "change": -1
        },
        "interval": 40,
        "condition": {
            "type": "apoli:moving"
        }
    },
    "reduce_divinity_gathering": {
        "type": "apoli:action_on_block_break",
        "entity_action": {
            "type": "apoli:change_resource",
            "resource": "*:*_resource",
            "change": -1
        },
        "only_when_harvested": true
    },
    "reduce_divinity_hitting": {
        "type": "apoli:self_action_on_hit",
        "entity_action": {
            "type": "apoli:change_resource",
            "resource": "*:*_resource",
            "change": -2
        },
        "cooldown": 10,
        "target_condition": {
            "type": "apoli:entity_type",
            "entity_type": "minecraft:player",
            "inverted": true
        }
    },
    "reduce_divinity_hitting_player": {
        "type": "apoli:self_action_on_hit",
        "entity_action": {
            "type": "apoli:change_resource",
            "resource": "*:*_resource",
            "change": -25
        },
        "cooldown": 10,
        "target_condition": {
            "type": "apoli:entity_type",
            "entity_type": "minecraft:player"
        }
    },
    "reduce_divinity_when_hit": {
        "type": "apoli:self_action_when_hit",
        "entity_action": {
            "type": "apoli:and",
            "actions": [
                {
                    "type": "apoli:change_resource",
                    "resource": "*:*_resource",
                    "change": -25
                },
                {
                    "type": "apoli:spawn_particles",
                    "particle": "minecraft:totem_of_undying",
                    "count": 50,
                    "speed": 0.9,
                    "spread": {
                        "x": 0,
                        "y": 0.3,
                        "z": 0
                    }
                }
            ]
        },
        "cooldown": 10,
        "damage_condition": {
            "type": "apoli:attacker"
        },
        "condition": {
            "type": "apoli:resource",
            "resource": "*:*_resource",
            "comparison": "!=",
            "compare_to": 0
        }
    },
    "prevent_death": {
        "type": "apoli:prevent_death",
        "entity_action": {
            "type": "apoli:play_sound",
            "sound": "touhouorigins:entity.vengeful_spirit.hurt"
        },
        "condition": {
            "type": "apoli:resource",
            "resource": "*:*_resource",
            "comparison": "!=",
            "compare_to": 0
        }
    },
    "divinity_respawn": {
        "type": "apoli:action_when_damage_taken",
        "entity_action": {
            "type": "apoli:change_resource",
            "resource": "*:*_resource",
            "change": 0,
            "operation": "set"
        },
        "cooldown": 1,
        "condition": {
            "type": "apoli:health",
            "comparison": "<=",
            "compare_to": 0
        }
    },
    "shaking": {
        "type": "apoli:shaking",
        "condition": {
            "type": "apoli:resource",
            "resource": "*:*_resource",
            "comparison": "==",
            "compare_to": 0
        }
    }
}