{
    "name": "§cAbused by Light§r",
    "description": "Being exposed to the sun will deal damage to you.",
    "type": "origins:multiple",
    "l0": {
        "condition": {
            "type": "origins:and",
            "conditions": [
                {
                    "type": "origins:exposed_to_sun"
                },
                {
                    "type": "origins:block_in_radius",
                    "block_condition": {
                        "type": "origins:in_tag",
                        "tag": "sculkfragment:sculk_blocks"
                    },
                    "radius": 2,
                    "shape": "cube",
                    "comparison": ">=",
                    "compare_to": 1,
                    "inverted": true
                },
                {
                    "type": "origins:equipped_item",
                    "equipment_slot": "head",
                    "item_condition": {
                        "type": "origins:empty"
                    }
                },
                {
                    "type": "origins:equipped_item",
                    "equipment_slot": "chest",
                    "item_condition": {
                        "type": "origins:empty"
                    }
                },
                {
                    "type": "origins:equipped_item",
                    "equipment_slot": "legs",
                    "item_condition": {
                        "type": "origins:empty"
                    }
                },
                {
                    "type": "origins:equipped_item",
                    "equipment_slot": "feet",
                    "item_condition": {
                        "type": "origins:empty"
                    }
                }
            ]
        },
        "type": "origins:damage_over_time",
        "interval": 20,
        "damage": 1,
        "damage_source": {
            "name": "wither",
            "bypasses_armor": true,
            "unblockable": true
        },
        "protection_effectiveness": 1
    }
}
