{
    "name": "§aAdopted by the Dark§r",
    "description": "You are used to living in the dark, so you can see better in caves and at night.",
    "type": "origins:multiple",
    "darkness_immunity": {
        "type": "origins:effect_immunity",
        "effect": "minecraft:darkness"
    },
    "nv_nightvision": {
        "condition": {
            "type": "origins:or",
            "conditions": [
                {
                    "type": "origins:block_in_radius",
                    "block_condition": {
                        "type": "origins:in_tag",
                        "tag": "sculkfragment:sculk_blocks"
                    },
                    "radius": 2,
                    "shape": "cube",
                    "comparison": ">=",
                    "compare_to": 1
                },
                {
                    "type": "origins:or",
                    "conditions": [
                        {
                            "type": "origins:and",
                            "conditions": [
                                {
                                    "type": "origins:in_block",
                                    "block_condition": {
                                        "type": "origins:offset",
                                        "condition": {
                                            "type": "origins:light_level",
                                            "light_type": "block",
                                            "comparison": "<=",
                                            "compare_to": 11
                                        },
                                        "y": 1
                                    }
                                },
                                {
                                    "type": "origins:in_block",
                                    "block_condition": {
                                        "type": "origins:offset",
                                        "condition": {
                                            "type": "origins:light_level",
                                            "light_type": "sky",
                                            "comparison": ">=",
                                            "compare_to": 11
                                        },
                                        "y": 1
                                    }
                                },
                                {
                                    "type": "origins:daytime",
                                    "inverted": true
                                }
                            ]
                        },
                        {
                            "type": "origins:and",
                            "conditions": [
                                {
                                    "type": "origins:in_block",
                                    "block_condition": {
                                        "type": "origins:offset",
                                        "condition": {
                                            "type": "origins:light_level",
                                            "light_type": "block",
                                            "comparison": "<=",
                                            "compare_to": 11
                                        },
                                        "y": 1
                                    }
                                },
                                {
                                    "type": "origins:in_block",
                                    "block_condition": {
                                        "type": "origins:offset",
                                        "condition": {
                                            "type": "origins:light_level",
                                            "light_type": "sky",
                                            "comparison": "<=",
                                            "compare_to": 11
                                        },
                                        "y": 1
                                    }
                                }
                            ]
                        }
                    ]
                }
            ]
        },
        "type": "origins:action_over_time",
        "interval": 5,
        "rising_action": {
            "type": "origins:and",
            "actions": [
                {
                    "type": "origins:clear_effect",
                    "effect": "minecraft:blindness"
                },
                {
                    "type": "origins:apply_effect",
                    "effect": {
                        "effect": "minecraft:night_vision",
                        "duration": -1,
                        "show_particles": false,
                        "show_icon": false
                    }
                }
            ]
        },
        "falling_action": {
            "type": "origins:and",
            "actions": [
                {
                    "type": "origins:clear_effect",
                    "effect": "minecraft:night_vision"
                },
                {
                    "type": "origins:apply_effect",
                    "effect": {
                        "effect": "minecraft:blindness",
                        "duration": -1,
                        "show_particles": false,
                        "show_icon": false
                    }
                }
            ]
        }
    },
    "overlay": {
        "type": "origins:overlay",
        "texture": "sculkfragment:textures/misc/sculk_tendrils.png",
        "strength": 0.25,
        "draw_mode": "texture",
        "draw_phase": "below_hud"
    }
}
