{
    "name": "§cHunger of the Hive§r",
    "description": "The sculk needs to eat more, and you do too. But it doesn't want typical food, it wants to absorb souls instead.",
    "type": "origins:multiple",
    "l0": {
        "type": "origins:modify_exhaustion",
        "modifier": {
            "value": 0.6,
            "operation": "multiply_base"
        }
    },
    "no_regen": {
        "type": "origins:disable_regen"
    },
    "no_food": {
        "type": "origins:modify_food",
        "food_modifier": {
            "operation": "multiply_total_multiplicative",
            "value": -1.00
        }
    },
    "l2": {
        "type": "origins:self_action_on_kill",
        "entity_action": {
            "type": "origins:and",
            "actions": [
                {
                    "type": "origins:heal",
                    "amount": 1
                },
                {
                    "type": "origins:feed",
                    "food": 6,
                    "saturation": 0.25
                }
            ]
        },
        "cooldown": 1
    }
}
