{
    "name": "§aPart of the Sculk§r",
    "description": "You can enter the sculk when you aren't wearing armor.",
    "type": "origins:multiple",
    "sculk_phase": {
        "condition": {
            "type": "origins:and",
            "conditions": [
                {
                    "type": "origins:equipped_item",
                    "equipment_slot": "head",
                    "item_condition": {
                        "type": "origins:empty"
                    }
                },
                {
                    "type": "origins:equipped_item",
                    "equipment_slot": "chest",
                    "item_condition": {
                        "type": "origins:empty"
                    }
                },
                {
                    "type": "origins:equipped_item",
                    "equipment_slot": "legs",
                    "item_condition": {
                        "type": "origins:empty"
                    }
                },
                {
                    "type": "origins:equipped_item",
                    "equipment_slot": "feet",
                    "item_condition": {
                        "type": "origins:empty"
                    }
                }
            ]
        },
        "type": "origins:phasing",
        "block_condition": {
            "type": "origins:in_tag",
            "tag": "sculkfragment:sculk_blocks"
        },
        "render_type": "blindness",
        "view_distance": 10,
        "phase_down_condition": {
            "type": "origins:sneaking"
        }
    },
    "sensor_phase": {
        "type": "origins:phasing",
        "block_condition": {
            "type": "origins:block",
            "block": "minecraft:sculk_sensor"
        },
        "render_type": "blindness",
        "view_distance": 10,
        "phase_down_condition": {
            "type": "origins:constant",
            "value": true
        }
    }
}
