{
    "name": "§eSculk in the Shell§r",
    "description": "Your player self is infested, meaning the sculk will protect you, so long as you feed it. At the very least, it will keep you from starving.",
    "type": "origins:multiple",
    "l1": {
        "condition": {
            "type": "origins:food_level",
            "comparison": "<",
            "compare_to": 1
        },
        "type": "origins:action_over_time",
        "interval": 10,
        "entity_action": {
            "type": "origins:feed",
            "food": 1,
            "saturation": 1
        }
    },
    "l2": {
        "type": "origins:conditioned_attribute",
        "modifier": {
            "attribute": "minecraft:generic.armor",
            "operation": "addition",
            "value": 20
        },
        "tick_rate": 20,
        "condition": {
            "type": "origins:food_level",
            "comparison": ">",
            "compare_to": 8
        }
    },
    "l2.1": {
        "type": "origins:conditioned_attribute",
        "modifier": {
            "attribute": "minecraft:generic.armor_toughness",
            "operation": "addition",
            "value": 6
        },
        "tick_rate": 20,
        "condition": {
            "type": "origins:food_level",
            "comparison": ">",
            "compare_to": 8
        }
    }
}
