{
    "name": "§a[Secondary] Spread of Sculk§r",
    "description": "By expending yourself, you can spread Sculk anywhere. Nearby Sculk Shriekers will also be able to summon wardens.",
    "condition": {
        "type": "origins:food_level",
        "comparison": ">",
        "compare_to": 2
    },
    "type": "origins:active_self",
    "entity_action": {
        "type": "origins:and",
        "actions": [
            {
                "type": "origins:feed",
                "food": -2,
                "saturation": -2
            },
            {
                "type": "origins:execute_command",
                "command": "function sculkfragment:spread_sculk"
            },
            {
                "type": "origins:block_action_at",
                "block_action": {
                    "type": "origins:area_of_effect",
                    "radius": 8,
                    "shape": "sphere",
                    "block_action": {
                        "type": "origins:modify_block_state",
                        "property": "can_summon",
                        "operation": "set",
                        "value": true
                    },
                    "block_condition": {
                        "type": "origins:block",
                        "block": "minecraft:sculk_shrieker"
                    }
                }
            },
            {
                "type": "origins:play_sound",
                "sound": "block.sculk_catalyst.bloom",
                "volume": 1,
                "pitch": 1
            }
        ]
    },
    "key": {
        "key": "key.origins.secondary_active"
    }
}
