{
    "name": "§aDesired Backup§r",
    "description": "Upon right-clicking a Shrieker, a Warden is summoned, and you gain strength for 30 seconds.",
    "type": "origins:multiple",
    "cooldown": {
        "type": "origins:cooldown",
        "cooldown": 180
    },
    "summon": {
        "condition": {
            "type": "origins:resource",
            "resource": "sculkfragment:wardens_curse_cooldown",
            "comparison": "==",
            "compare_to": 0
        },
        "block_condition": {
            "type": "origins:block",
            "block": "minecraft:sculk_shrieker"
        },
        "type": "origins:action_on_block_use",
        "entity_action": {
            "type": "origins:and",
            "actions": [
                {
                    "type": "origins:apply_effect",
                    "effect": {
                        "effect": "strength",
                        "duration": 600,
                        "amplifier": 0,
                        "show_particles": false,
                        "show_icon": true
                    }
                },
                {
                    "type": "origins:trigger_cooldown",
                    "power": "sculkfragment:wardens_curse_cooldown"
                }
            ]
        },
        "block_action": {
            "type": "origins:execute_command",
            "command": "function sculkfragment:summon_warden"
        }
    }
}
